review_id,review,username,email,date,reviewer_name,rating
REV-0001,Not thrilled about how mobile app crashes when switching workspaces. Hope the team can address this soon.,jordan.lee45,jordan.lee@mail.com,2023-04-03 05:04:49,Jordan Lee,1
REV-0002,Genuinely happy that dashboard UX is intuitive. Honestly the best vendor experience.,alex.patel37,alex.patel@mail.com,2024-10-31 21:55:07,Alex Patel,5
REV-0003,Genuinely happy that support team responded within minutes. We’ve renewed for another year.,avery.khan10,avery.khan@yahoo.com,2022-11-23 15:23:12,Avery Khan,4
REV-0004,Absolutely impressed with how dashboard UX is intuitive. We migrated services in a weekend.,jordan.taylor22,jordan.taylor@inbox.com,2023-12-06 21:58:51,Jordan Taylor,5
REV-0005,"After weeks of trying, invoice amounts do not match usage metrics. We’re evaluating alternatives.",jordan.martin47,jordan.martin@yahoo.com,2025-07-11 22:31:10,Jordan Martin,3
REV-0006,"After three months, API documentation is clean. Honestly the best vendor experience.",sam.khan20,sam.khan@yahoo.com,2023-04-22 03:40:38,Sam Khan,5
REV-0007,Genuinely happy that support team responded within minutes. Honestly the best vendor experience.,casey.nguyen95,casey.nguyen@inbox.com,2025-08-20 02:35:58,Casey Nguyen,5
REV-0008,Frustrated that invoice amounts do not match usage metrics. We’re evaluating alternatives.,morgan.khan91,morgan.khan@gmail.com,2025-02-14 07:59:45,Morgan Khan,2
REV-0009,"After three months, dashboard UX is intuitive. The pricing scales fairly.",morgan.khan18,morgan.khan@mail.com,2025-03-07 11:27:25,Morgan Khan,3
REV-0010,Our non-technical team loves that dashboard UX is intuitive. The pricing scales fairly.,riley.rivera41,riley.rivera@gmail.com,2025-02-23 19:37:24,Riley Rivera,5
REV-0011,Really disappointed— invoice amounts do not match usage metrics. Hope the team can address this soon.,sam.rivera75,sam.rivera@protonmail.com,2022-07-06 01:42:55,Sam Rivera,1
REV-0012,Frustrated that mobile app crashes when switching workspaces. Please prioritize stability.,morgan.taylor86,morgan.taylor@protonmail.com,2024-12-19 09:09:13,Morgan Taylor,2
REV-0013,"After weeks of trying, invoice amounts do not match usage metrics. We’re evaluating alternatives.",jordan.khan65,jordan.khan@mail.com,2024-07-18 00:07:05,Jordan Khan,4
REV-0014,Our non-technical team loves that onboarding was smooth and the step-by-step wizard made integration painless. We’ve renewed for another year.,jamie.garcia35,jamie.garcia@mail.com,2024-02-05 05:52:54,Jamie Garcia,5
REV-0015,Our non-technical team loves that onboarding was smooth and the step-by-step wizard made integration painless. We migrated services in a weekend.,alex.patel56,alex.patel@yahoo.com,2023-09-22 08:43:05,Alex Patel,5
REV-0016,Our non-technical team loves that dashboard UX is intuitive. Honestly the best vendor experience.,jordan.martin26,jordan.martin@mail.com,2024-08-31 20:01:03,Jordan Martin,4
REV-0017,This has been rough: mobile app crashes when switching workspaces. Downtime cost us real customers.,riley.taylor95,riley.taylor@gmail.com,2024-02-04 15:57:02,Riley Taylor,1
REV-0018,Absolutely impressed with how onboarding was smooth and the step-by-step wizard made integration painless. We migrated services in a weekend.,jordan.smith12,jordan.smith@outlook.com,2025-02-08 08:22:41,Jordan Smith,4
REV-0019,"After three months, support team responded within minutes. Honestly the best vendor experience.",jordan.lee52,jordan.lee@example.com,2024-11-18 08:39:55,Jordan Lee,5
REV-0020,"After weeks of trying, authentication randomly expires sessions. Hope the team can address this soon.",sam.brown62,sam.brown@mail.com,2022-07-13 03:31:44,Sam Brown,4
REV-0021,Genuinely happy that dashboard UX is intuitive. Honestly the best vendor experience.,alex.patel17,alex.patel@protonmail.com,2023-11-26 03:58:42,Alex Patel,5
REV-0022,Not thrilled about how mobile app crashes when switching workspaces. We’re evaluating alternatives.,taylor.khan69,taylor.khan@mail.com,2022-06-04 16:08:02,Taylor Khan,1
REV-0023,"After three months, onboarding was smooth and the step-by-step wizard made integration painless. Honestly the best vendor experience.",jordan.nguyen31,jordan.nguyen@protonmail.com,2024-09-21 17:31:32,Jordan Nguyen,5
REV-0024,Our non-technical team loves that dashboard UX is intuitive. Honestly the best vendor experience.,alex.taylor43,alex.taylor@yahoo.com,2024-07-20 10:23:08,Alex Taylor,4
REV-0025,Frustrated that mobile app crashes when switching workspaces. Hope the team can address this soon.,riley.nguyen17,riley.nguyen@outlook.com,2025-01-15 02:13:09,Riley Nguyen,1
REV-0026,Genuinely happy that dashboard UX is intuitive. We migrated services in a weekend.,alex.martin20,alex.martin@yahoo.com,2023-01-16 02:29:41,Alex Martin,4
REV-0027,Not thrilled about how API v2 breaks backward compatibility. Please prioritize stability.,avery.garcia15,avery.garcia@outlook.com,2022-06-17 15:15:48,Avery Garcia,3
REV-0028,Five stars for the way onboarding was smooth and the step-by-step wizard made integration painless. We migrated services in a weekend.,casey.nguyen43,casey.nguyen@protonmail.com,2022-09-26 23:30:07,Casey Nguyen,4
REV-0029,Genuinely happy that API documentation is clean. We migrated services in a weekend.,avery.garcia22,avery.garcia@example.com,2025-01-06 07:45:38,Avery Garcia,4
REV-0030,Our non-technical team loves that onboarding was smooth and the step-by-step wizard made integration painless. We’ve renewed for another year.,casey.khan30,casey.khan@protonmail.com,2025-01-17 11:00:51,Casey Khan,4
REV-0031,Our non-technical team loves that support team responded within minutes. We’ve renewed for another year.,taylor.khan24,taylor.khan@example.com,2025-02-07 05:39:34,Taylor Khan,4
REV-0032,"After weeks of trying, mobile app crashes when switching workspaces. We’re evaluating alternatives.",riley.martin72,riley.martin@inbox.com,2022-04-15 03:21:37,Riley Martin,2
REV-0033,Not thrilled about how mobile app crashes when switching workspaces. We’re evaluating alternatives.,taylor.khan30,taylor.khan@gmail.com,2024-06-23 20:05:09,Taylor Khan,1
REV-0034,"After three months, support team responded within minutes. We migrated services in a weekend.",taylor.martin14,taylor.martin@yahoo.com,2024-01-27 21:12:30,Taylor Martin,4
REV-0035,Our non-technical team loves that dashboard UX is intuitive. Honestly the best vendor experience.,casey.lee55,casey.lee@mail.com,2023-05-27 03:44:33,Casey Lee,4
REV-0036,This has been rough: invoice amounts do not match usage metrics. Please prioritize stability.,taylor.rivera62,taylor.rivera@example.com,2023-01-03 12:05:40,Taylor Rivera,1
REV-0037,"After three months, API documentation is clean. We’ve renewed for another year.",jordan.taylor14,jordan.taylor@yahoo.com,2024-08-21 08:05:54,Jordan Taylor,4
REV-0038,Absolutely impressed with how API documentation is clean. We’ve renewed for another year.,sam.lee94,sam.lee@mail.com,2024-03-27 11:57:05,Sam Lee,5
REV-0039,Five stars for the way onboarding was smooth and the step-by-step wizard made integration painless. We migrated services in a weekend.,jamie.smith13,jamie.smith@example.com,2023-06-19 06:30:05,Jamie Smith,4
REV-0040,Our non-technical team loves that support team responded within minutes. We’ve renewed for another year.,casey.smith65,casey.smith@outlook.com,2024-11-13 04:12:37,Casey Smith,4
REV-0041,Absolutely impressed with how API documentation is clean. We’ve renewed for another year.,morgan.lee76,morgan.lee@yahoo.com,2025-01-07 07:10:25,Morgan Lee,4
REV-0042,Five stars for the way support team responded within minutes. Honestly the best vendor experience.,riley.martin49,riley.martin@gmail.com,2024-04-16 11:52:33,Riley Martin,5
REV-0043,Absolutely impressed with how API documentation is clean. We’ve renewed for another year.,morgan.rivera88,morgan.rivera@outlook.com,2023-09-09 14:47:05,Morgan Rivera,4
REV-0044,Genuinely happy that dashboard UX is intuitive. Honestly the best vendor experience.,morgan.garcia87,morgan.garcia@gmail.com,2023-10-22 16:55:46,Morgan Garcia,4
REV-0045,Genuinely happy that API documentation is clean. Honestly the best vendor experience.,riley.martin94,riley.martin@gmail.com,2025-06-22 12:12:13,Riley Martin,4
REV-0046,Frustrated that authentication randomly expires sessions. Hope the team can address this soon.,taylor.lee15,taylor.lee@mail.com,2024-08-31 22:15:20,Taylor Lee,1
REV-0047,Frustrated that authentication randomly expires sessions. Downtime cost us real customers.,morgan.brown61,morgan.brown@mail.com,2022-10-30 23:53:10,Morgan Brown,1
REV-0048,"After three months, API documentation is clean. The pricing scales fairly.",jamie.brown16,jamie.brown@outlook.com,2023-05-26 04:25:06,Jamie Brown,4
REV-0049,Genuinely happy that API documentation is clean. The pricing scales fairly.,jamie.brown30,jamie.brown@gmail.com,2024-08-30 16:23:11,Jamie Brown,4
REV-0050,Five stars for the way onboarding was smooth and the step-by-step wizard made integration painless. Honestly the best vendor experience.,riley.brown19,riley.brown@gmail.com,2023-08-09 08:32:15,Riley Brown,4
REV-0051,Five stars for the way dashboard UX is intuitive. The pricing scales fairly.,sam.taylor98,sam.taylor@mail.com,2023-03-15 02:20:18,Sam Taylor,3
REV-0052,Not thrilled about how authentication randomly expires sessions. Hope the team can address this soon.,sam.taylor59,sam.taylor@yahoo.com,2025-04-11 00:42:40,Sam Taylor,3
REV-0053,Not thrilled about how invoice amounts do not match usage metrics. Hope the team can address this soon.,casey.khan59,casey.khan@yahoo.com,2024-05-08 19:35:45,Casey Khan,3
REV-0054,This has been rough: invoice amounts do not match usage metrics. Hope the team can address this soon.,riley.taylor72,riley.taylor@example.com,2024-03-07 12:14:17,Riley Taylor,1
REV-0055,Frustrated that authentication randomly expires sessions. Downtime cost us real customers.,avery.martin13,avery.martin@protonmail.com,2025-04-27 20:32:55,Avery Martin,2
REV-0056,Five stars for the way dashboard UX is intuitive. We’ve renewed for another year.,taylor.lee43,taylor.lee@protonmail.com,2023-11-02 07:42:22,Taylor Lee,5
REV-0057,"After weeks of trying, invoice amounts do not match usage metrics. We’re evaluating alternatives.",riley.patel70,riley.patel@example.com,2025-01-09 01:53:46,Riley Patel,3
REV-0058,Genuinely happy that dashboard UX is intuitive. We migrated services in a weekend.,alex.nguyen35,alex.nguyen@yahoo.com,2022-02-11 22:37:19,Alex Nguyen,4
REV-0059,Frustrated that invoice amounts do not match usage metrics. Please prioritize stability.,quinn.khan57,quinn.khan@mail.com,2025-05-25 22:06:33,Quinn Khan,1
REV-0060,Really disappointed— mobile app crashes when switching workspaces. Downtime cost us real customers.,avery.lee49,avery.lee@outlook.com,2024-02-08 14:26:30,Avery Lee,1
REV-0061,"After three months, API documentation is clean. We migrated services in a weekend.",riley.garcia25,riley.garcia@yahoo.com,2025-03-05 01:29:43,Riley Garcia,4
REV-0062,This has been rough: invoice amounts do not match usage metrics. Hope the team can address this soon.,alex.taylor72,alex.taylor@example.com,2024-06-06 13:11:12,Alex Taylor,1
REV-0063,Our non-technical team loves that API documentation is clean. We’ve renewed for another year.,jamie.khan88,jamie.khan@yahoo.com,2025-01-07 17:36:12,Jamie Khan,4
REV-0064,"After three months, API documentation is clean. We migrated services in a weekend.",jordan.khan67,jordan.khan@mail.com,2024-08-09 20:44:51,Jordan Khan,4
REV-0065,Our non-technical team loves that API documentation is clean. We migrated services in a weekend.,casey.rivera72,casey.rivera@mail.com,2023-12-28 09:24:22,Casey Rivera,4
REV-0066,This has been rough: authentication randomly expires sessions. We’re evaluating alternatives.,jordan.nguyen62,jordan.nguyen@protonmail.com,2025-02-11 08:44:59,Jordan Nguyen,1
REV-0067,"After weeks of trying, authentication randomly expires sessions. Please prioritize stability.",riley.nguyen61,riley.nguyen@gmail.com,2023-05-14 11:08:55,Riley Nguyen,4
REV-0068,Genuinely happy that onboarding was smooth and the step-by-step wizard made integration painless. Honestly the best vendor experience.,jamie.smith55,jamie.smith@gmail.com,2024-07-18 09:51:49,Jamie Smith,5
REV-0069,"After weeks of trying, API v2 breaks backward compatibility. We’re evaluating alternatives.",jordan.martin98,jordan.martin@mail.com,2023-01-28 07:52:41,Jordan Martin,3
REV-0070,Really disappointed— API v2 breaks backward compatibility. We’re evaluating alternatives.,riley.nguyen56,riley.nguyen@mail.com,2023-09-12 00:30:54,Riley Nguyen,1
REV-0071,Absolutely impressed with how API documentation is clean. The pricing scales fairly.,jamie.khan99,jamie.khan@mail.com,2025-07-30 17:52:20,Jamie Khan,5
REV-0072,Absolutely impressed with how dashboard UX is intuitive. The pricing scales fairly.,quinn.smith33,quinn.smith@example.com,2023-06-02 17:23:36,Quinn Smith,4
REV-0073,Genuinely happy that onboarding was smooth and the step-by-step wizard made integration painless. The pricing scales fairly.,avery.lee29,avery.lee@mail.com,2025-02-26 11:03:44,Avery Lee,4
REV-0074,"After weeks of trying, mobile app crashes when switching workspaces. We’re evaluating alternatives.",jamie.taylor67,jamie.taylor@protonmail.com,2023-09-01 21:25:39,Jamie Taylor,1
REV-0075,Absolutely impressed with how support team responded within minutes. We migrated services in a weekend.,sam.khan94,sam.khan@example.com,2022-11-18 08:43:59,Sam Khan,5
REV-0076,Five stars for the way dashboard UX is intuitive. We migrated services in a weekend.,quinn.garcia70,quinn.garcia@inbox.com,2022-03-08 08:25:40,Quinn Garcia,3
REV-0077,Genuinely happy that support team responded within minutes. We’ve renewed for another year.,riley.garcia94,riley.garcia@yahoo.com,2023-02-10 15:28:43,Riley Garcia,4
REV-0078,Not thrilled about how API v2 breaks backward compatibility. Hope the team can address this soon.,jordan.lee31,jordan.lee@yahoo.com,2023-09-22 21:39:53,Jordan Lee,3
REV-0079,"After three months, onboarding was smooth and the step-by-step wizard made integration painless. We migrated services in a weekend.",quinn.khan99,quinn.khan@protonmail.com,2023-07-12 18:13:17,Quinn Khan,4
REV-0080,Not thrilled about how mobile app crashes when switching workspaces. Please prioritize stability.,casey.garcia42,casey.garcia@example.com,2022-07-07 08:20:05,Casey Garcia,1
REV-0081,Our non-technical team loves that dashboard UX is intuitive. The pricing scales fairly.,taylor.brown76,taylor.brown@gmail.com,2024-06-24 10:07:38,Taylor Brown,4
REV-0082,"After weeks of trying, authentication randomly expires sessions. Hope the team can address this soon.",quinn.smith62,quinn.smith@inbox.com,2023-10-20 03:48:30,Quinn Smith,4
REV-0083,Absolutely impressed with how dashboard UX is intuitive. We migrated services in a weekend.,morgan.martin14,morgan.martin@protonmail.com,2022-06-30 11:27:04,Morgan Martin,5
REV-0084,This has been rough: mobile app crashes when switching workspaces. Downtime cost us real customers.,morgan.lee34,morgan.lee@outlook.com,2024-01-11 22:40:09,Morgan Lee,2
REV-0085,Our non-technical team loves that support team responded within minutes. Honestly the best vendor experience.,jamie.rivera46,jamie.rivera@protonmail.com,2024-09-19 04:25:15,Jamie Rivera,5
REV-0086,Frustrated that authentication randomly expires sessions. We’re evaluating alternatives.,jamie.lee80,jamie.lee@protonmail.com,2022-07-10 08:10:51,Jamie Lee,1
REV-0087,This has been rough: invoice amounts do not match usage metrics. Hope the team can address this soon.,quinn.khan75,quinn.khan@gmail.com,2023-07-14 15:07:39,Quinn Khan,1
REV-0088,"After three months, API documentation is clean. We’ve renewed for another year.",morgan.nguyen86,morgan.nguyen@outlook.com,2022-10-07 02:32:30,Morgan Nguyen,4
REV-0089,"After three months, API documentation is clean. We’ve renewed for another year.",riley.khan85,riley.khan@outlook.com,2024-09-29 05:24:36,Riley Khan,5
REV-0090,"After three months, onboarding was smooth and the step-by-step wizard made integration painless. We’ve renewed for another year.",quinn.smith34,quinn.smith@gmail.com,2023-05-05 20:49:06,Quinn Smith,5
REV-0091,Absolutely impressed with how support team responded within minutes. We’ve renewed for another year.,morgan.taylor94,morgan.taylor@yahoo.com,2025-08-28 05:32:16,Morgan Taylor,4
REV-0092,Genuinely happy that onboarding was smooth and the step-by-step wizard made integration painless. The pricing scales fairly.,quinn.patel77,quinn.patel@protonmail.com,2022-02-01 05:14:54,Quinn Patel,5
REV-0093,Not thrilled about how authentication randomly expires sessions. Please prioritize stability.,casey.garcia98,casey.garcia@protonmail.com,2025-08-23 02:55:27,Casey Garcia,4
REV-0094,"After weeks of trying, invoice amounts do not match usage metrics. We’re evaluating alternatives.",jamie.lee89,jamie.lee@example.com,2023-04-26 22:58:47,Jamie Lee,4
REV-0095,Absolutely impressed with how API documentation is clean. We’ve renewed for another year.,jordan.patel66,jordan.patel@mail.com,2023-09-06 01:03:14,Jordan Patel,5
REV-0096,Really disappointed— invoice amounts do not match usage metrics. Downtime cost us real customers.,morgan.rivera41,morgan.rivera@outlook.com,2024-04-23 20:36:17,Morgan Rivera,1
REV-0097,Really disappointed— invoice amounts do not match usage metrics. Hope the team can address this soon.,avery.taylor89,avery.taylor@gmail.com,2023-05-09 18:07:10,Avery Taylor,2
REV-0098,Really disappointed— mobile app crashes when switching workspaces. Hope the team can address this soon.,quinn.khan95,quinn.khan@example.com,2024-08-10 10:28:20,Quinn Khan,2
REV-0099,Really disappointed— authentication randomly expires sessions. Hope the team can address this soon.,avery.khan91,avery.khan@protonmail.com,2023-05-28 16:37:58,Avery Khan,1
REV-0100,"After weeks of trying, mobile app crashes when switching workspaces. Hope the team can address this soon.",sam.taylor83,sam.taylor@inbox.com,2025-03-23 10:46:20,Sam Taylor,2
REV-0101,"After weeks of trying, invoice amounts do not match usage metrics. Please prioritize stability.",alex.garcia97,alex.garcia@yahoo.com,2022-04-11 22:04:42,Alex Garcia,3
REV-0102,Absolutely impressed with how API documentation is clean. The pricing scales fairly.,sam.garcia42,sam.garcia@gmail.com,2022-10-08 22:52:25,Sam Garcia,4
REV-0103,Really disappointed— invoice amounts do not match usage metrics. Downtime cost us real customers.,avery.smith26,avery.smith@example.com,2023-08-28 11:53:43,Avery Smith,2
REV-0104,This has been rough: API v2 breaks backward compatibility. Please prioritize stability.,jamie.martin44,jamie.martin@yahoo.com,2022-12-03 09:21:21,Jamie Martin,1
REV-0105,Not thrilled about how API v2 breaks backward compatibility. We’re evaluating alternatives.,quinn.patel28,quinn.patel@yahoo.com,2023-04-08 14:28:09,Quinn Patel,4
REV-0106,"After weeks of trying, authentication randomly expires sessions. Please prioritize stability.",alex.khan78,alex.khan@example.com,2024-07-20 13:25:11,Alex Khan,3
REV-0107,Really disappointed— mobile app crashes when switching workspaces. Hope the team can address this soon.,sam.brown13,sam.brown@outlook.com,2025-02-23 11:56:32,Sam Brown,2
REV-0108,Frustrated that mobile app crashes when switching workspaces. Downtime cost us real customers.,morgan.patel27,morgan.patel@example.com,2022-03-18 11:04:53,Morgan Patel,1
REV-0109,Genuinely happy that dashboard UX is intuitive. We migrated services in a weekend.,morgan.brown57,morgan.brown@gmail.com,2025-01-11 15:15:35,Morgan Brown,5
REV-0110,Genuinely happy that API documentation is clean. We migrated services in a weekend.,avery.taylor45,avery.taylor@example.com,2024-01-29 07:54:37,Avery Taylor,5
REV-0111,This has been rough: mobile app crashes when switching workspaces. Downtime cost us real customers.,jamie.smith17,jamie.smith@protonmail.com,2023-07-20 06:54:38,Jamie Smith,1
REV-0112,Our non-technical team loves that support team responded within minutes. Honestly the best vendor experience.,alex.smith41,alex.smith@mail.com,2025-03-02 07:28:16,Alex Smith,4
REV-0113,Not thrilled about how API v2 breaks backward compatibility. Downtime cost us real customers.,casey.rivera86,casey.rivera@example.com,2023-07-22 05:16:04,Casey Rivera,1
REV-0114,Genuinely happy that API documentation is clean. We migrated services in a weekend.,alex.rivera11,alex.rivera@inbox.com,2023-05-03 21:26:22,Alex Rivera,4
REV-0115,Five stars for the way onboarding was smooth and the step-by-step wizard made integration painless. The pricing scales fairly.,morgan.martin24,morgan.martin@gmail.com,2022-05-11 17:20:22,Morgan Martin,3
REV-0116,Frustrated that mobile app crashes when switching workspaces. Hope the team can address this soon.,avery.lee94,avery.lee@outlook.com,2023-09-10 16:40:36,Avery Lee,2
REV-0117,"After weeks of trying, invoice amounts do not match usage metrics. We’re evaluating alternatives.",morgan.patel72,morgan.patel@gmail.com,2024-06-27 02:40:32,Morgan Patel,3
REV-0118,Our non-technical team loves that API documentation is clean. The pricing scales fairly.,riley.garcia91,riley.garcia@outlook.com,2025-01-28 11:50:22,Riley Garcia,5
REV-0119,Genuinely happy that dashboard UX is intuitive. We’ve renewed for another year.,jordan.patel93,jordan.patel@gmail.com,2025-02-03 07:49:43,Jordan Patel,5
REV-0120,"After weeks of trying, invoice amounts do not match usage metrics. Hope the team can address this soon.",morgan.taylor22,morgan.taylor@inbox.com,2024-05-24 11:22:43,Morgan Taylor,3
REV-0121,Not thrilled about how mobile app crashes when switching workspaces. Please prioritize stability.,jordan.patel21,jordan.patel@protonmail.com,2022-07-17 13:34:03,Jordan Patel,1
REV-0122,Not thrilled about how API v2 breaks backward compatibility. Please prioritize stability.,morgan.smith95,morgan.smith@yahoo.com,2024-05-16 01:52:23,Morgan Smith,3
REV-0123,"After weeks of trying, API v2 breaks backward compatibility. We’re evaluating alternatives.",avery.martin37,avery.martin@mail.com,2024-09-14 08:09:52,Avery Martin,4
REV-0124,Our non-technical team loves that onboarding was smooth and the step-by-step wizard made integration painless. We’ve renewed for another year.,avery.nguyen64,avery.nguyen@yahoo.com,2025-02-22 22:38:10,Avery Nguyen,4
REV-0125,Genuinely happy that support team responded within minutes. The pricing scales fairly.,taylor.khan99,taylor.khan@yahoo.com,2023-09-25 12:22:21,Taylor Khan,4
REV-0126,"After three months, API documentation is clean. Honestly the best vendor experience.",taylor.lee21,taylor.lee@gmail.com,2024-12-22 07:49:57,Taylor Lee,5
REV-0127,Our non-technical team loves that onboarding was smooth and the step-by-step wizard made integration painless. We migrated services in a weekend.,riley.smith82,riley.smith@outlook.com,2022-06-23 01:54:55,Riley Smith,5
REV-0128,Our non-technical team loves that onboarding was smooth and the step-by-step wizard made integration painless. We’ve renewed for another year.,quinn.taylor72,quinn.taylor@outlook.com,2024-06-24 15:04:47,Quinn Taylor,5
REV-0129,Five stars for the way onboarding was smooth and the step-by-step wizard made integration painless. Honestly the best vendor experience.,jordan.khan96,jordan.khan@gmail.com,2025-04-29 17:43:03,Jordan Khan,5
REV-0130,"After weeks of trying, API v2 breaks backward compatibility. Please prioritize stability.",avery.lee10,avery.lee@mail.com,2023-09-10 07:41:26,Avery Lee,3
REV-0131,Genuinely happy that API documentation is clean. We migrated services in a weekend.,alex.brown65,alex.brown@mail.com,2022-09-22 13:50:34,Alex Brown,5
REV-0132,Our non-technical team loves that dashboard UX is intuitive. The pricing scales fairly.,alex.taylor12,alex.taylor@protonmail.com,2022-06-09 11:23:53,Alex Taylor,5
REV-0133,Five stars for the way onboarding was smooth and the step-by-step wizard made integration painless. The pricing scales fairly.,jordan.taylor12,jordan.taylor@inbox.com,2022-12-18 22:30:18,Jordan Taylor,3
REV-0134,Five stars for the way API documentation is clean. Honestly the best vendor experience.,sam.taylor85,sam.taylor@protonmail.com,2024-12-09 02:51:48,Sam Taylor,5
REV-0135,Five stars for the way API documentation is clean. Honestly the best vendor experience.,taylor.patel75,taylor.patel@gmail.com,2022-08-22 19:19:07,Taylor Patel,4
REV-0136,Absolutely impressed with how support team responded within minutes. The pricing scales fairly.,jordan.rivera42,jordan.rivera@mail.com,2022-12-22 21:55:57,Jordan Rivera,5
REV-0137,Not thrilled about how API v2 breaks backward compatibility. Please prioritize stability.,avery.garcia67,avery.garcia@gmail.com,2025-03-02 23:24:38,Avery Garcia,3
REV-0138,Not thrilled about how mobile app crashes when switching workspaces. Please prioritize stability.,quinn.patel70,quinn.patel@protonmail.com,2025-07-17 11:01:31,Quinn Patel,1
REV-0139,Frustrated that mobile app crashes when switching workspaces. Hope the team can address this soon.,riley.brown67,riley.brown@example.com,2022-04-27 13:25:31,Riley Brown,2
REV-0140,Our non-technical team loves that dashboard UX is intuitive. Honestly the best vendor experience.,avery.martin15,avery.martin@protonmail.com,2025-03-16 23:43:57,Avery Martin,4
REV-0141,Frustrated that invoice amounts do not match usage metrics. Hope the team can address this soon.,quinn.patel53,quinn.patel@gmail.com,2022-06-22 18:22:12,Quinn Patel,2
REV-0142,This has been rough: authentication randomly expires sessions. Please prioritize stability.,jamie.martin88,jamie.martin@mail.com,2024-01-16 13:34:30,Jamie Martin,1
REV-0143,Our non-technical team loves that support team responded within minutes. We’ve renewed for another year.,casey.patel52,casey.patel@example.com,2025-02-16 14:04:27,Casey Patel,4
REV-0144,Absolutely impressed with how API documentation is clean. The pricing scales fairly.,avery.rivera54,avery.rivera@inbox.com,2025-09-05 14:16:14,Avery Rivera,5
REV-0145,Five stars for the way API documentation is clean. Honestly the best vendor experience.,taylor.martin21,taylor.martin@gmail.com,2024-05-17 18:30:48,Taylor Martin,4
REV-0146,Absolutely impressed with how onboarding was smooth and the step-by-step wizard made integration painless. We’ve renewed for another year.,casey.brown34,casey.brown@mail.com,2022-10-09 05:38:28,Casey Brown,4
REV-0147,Really disappointed— authentication randomly expires sessions. We’re evaluating alternatives.,avery.taylor29,avery.taylor@mail.com,2023-01-06 22:44:45,Avery Taylor,2
REV-0148,Genuinely happy that API documentation is clean. The pricing scales fairly.,casey.nguyen66,casey.nguyen@outlook.com,2023-08-07 16:20:41,Casey Nguyen,4
REV-0149,"After three months, support team responded within minutes. Honestly the best vendor experience.",casey.garcia66,casey.garcia@protonmail.com,2023-08-01 13:54:12,Casey Garcia,4
REV-0150,Not thrilled about how mobile app crashes when switching workspaces. Please prioritize stability.,riley.lee92,riley.lee@protonmail.com,2024-01-31 20:11:24,Riley Lee,1
REV-0151,Genuinely happy that dashboard UX is intuitive. We’ve renewed for another year.,taylor.khan67,taylor.khan@outlook.com,2022-10-29 15:55:40,Taylor Khan,4
REV-0152,Absolutely impressed with how API documentation is clean. Honestly the best vendor experience.,morgan.lee60,morgan.lee@outlook.com,2024-02-05 08:35:03,Morgan Lee,4
REV-0153,"After three months, support team responded within minutes. The pricing scales fairly.",casey.patel93,casey.patel@inbox.com,2022-10-27 05:00:35,Casey Patel,4
REV-0154,Not thrilled about how authentication randomly expires sessions. We’re evaluating alternatives.,avery.lee20,avery.lee@example.com,2023-06-09 07:51:06,Avery Lee,4
REV-0155,Not thrilled about how authentication randomly expires sessions. We’re evaluating alternatives.,sam.khan25,sam.khan@example.com,2023-05-04 15:17:07,Sam Khan,3
REV-0156,Genuinely happy that API documentation is clean. The pricing scales fairly.,quinn.garcia78,quinn.garcia@example.com,2025-07-18 18:45:51,Quinn Garcia,4
REV-0157,Frustrated that API v2 breaks backward compatibility. We’re evaluating alternatives.,avery.smith40,avery.smith@outlook.com,2024-05-03 06:49:11,Avery Smith,1
REV-0158,Absolutely impressed with how API documentation is clean. We migrated services in a weekend.,morgan.brown15,morgan.brown@gmail.com,2024-03-03 13:35:29,Morgan Brown,5
REV-0159,Our non-technical team loves that API documentation is clean. Honestly the best vendor experience.,sam.patel84,sam.patel@gmail.com,2023-11-12 04:51:26,Sam Patel,5
REV-0160,Absolutely impressed with how support team responded within minutes. We migrated services in a weekend.,quinn.rivera27,quinn.rivera@example.com,2024-07-26 01:20:47,Quinn Rivera,5
REV-0161,Genuinely happy that API documentation is clean. We’ve renewed for another year.,riley.martin60,riley.martin@yahoo.com,2025-01-17 17:14:09,Riley Martin,4
REV-0162,This has been rough: authentication randomly expires sessions. Please prioritize stability.,casey.khan25,casey.khan@yahoo.com,2024-01-24 15:54:32,Casey Khan,1
REV-0163,This has been rough: mobile app crashes when switching workspaces. Hope the team can address this soon.,quinn.brown57,quinn.brown@yahoo.com,2024-11-29 09:42:39,Quinn Brown,1
REV-0164,"After weeks of trying, authentication randomly expires sessions. Hope the team can address this soon.",jamie.khan51,jamie.khan@example.com,2022-06-13 11:56:21,Jamie Khan,3
REV-0165,"After weeks of trying, mobile app crashes when switching workspaces. We’re evaluating alternatives.",quinn.smith67,quinn.smith@example.com,2023-12-24 22:23:09,Quinn Smith,2
REV-0166,This has been rough: mobile app crashes when switching workspaces. Downtime cost us real customers.,casey.martin96,casey.martin@mail.com,2022-03-05 05:11:54,Casey Martin,1
REV-0167,"After three months, API documentation is clean. We’ve renewed for another year.",sam.smith56,sam.smith@protonmail.com,2025-03-07 01:10:44,Sam Smith,5
REV-0168,Five stars for the way support team responded within minutes. We migrated services in a weekend.,jordan.garcia27,jordan.garcia@outlook.com,2024-01-22 14:29:31,Jordan Garcia,3
REV-0169,Five stars for the way dashboard UX is intuitive. Honestly the best vendor experience.,taylor.brown76,taylor.brown@protonmail.com,2025-02-24 04:17:15,Taylor Brown,5
REV-0170,"After three months, onboarding was smooth and the step-by-step wizard made integration painless. We’ve renewed for another year.",quinn.nguyen25,quinn.nguyen@mail.com,2022-06-01 16:27:30,Quinn Nguyen,5
REV-0171,Really disappointed— API v2 breaks backward compatibility. Downtime cost us real customers.,jordan.martin79,jordan.martin@inbox.com,2023-09-07 05:44:04,Jordan Martin,1
REV-0172,Our non-technical team loves that API documentation is clean. The pricing scales fairly.,sam.rivera40,sam.rivera@yahoo.com,2024-10-08 00:57:25,Sam Rivera,4
REV-0173,"After three months, onboarding was smooth and the step-by-step wizard made integration painless. Honestly the best vendor experience.",avery.patel18,avery.patel@inbox.com,2024-03-26 17:25:39,Avery Patel,5
REV-0174,Our non-technical team loves that support team responded within minutes. Honestly the best vendor experience.,jordan.brown69,jordan.brown@gmail.com,2024-11-25 12:32:36,Jordan Brown,5
REV-0175,Five stars for the way support team responded within minutes. We’ve renewed for another year.,jamie.lee25,jamie.lee@outlook.com,2022-11-10 11:04:22,Jamie Lee,5
REV-0176,Five stars for the way onboarding was smooth and the step-by-step wizard made integration painless. Honestly the best vendor experience.,jordan.khan35,jordan.khan@gmail.com,2025-02-02 09:59:32,Jordan Khan,4
REV-0177,Frustrated that mobile app crashes when switching workspaces. We’re evaluating alternatives.,taylor.garcia87,taylor.garcia@inbox.com,2025-02-28 01:29:59,Taylor Garcia,2
REV-0178,Our non-technical team loves that API documentation is clean. We’ve renewed for another year.,sam.garcia63,sam.garcia@outlook.com,2025-08-01 01:06:09,Sam Garcia,5
REV-0179,"After three months, dashboard UX is intuitive. The pricing scales fairly.",sam.taylor48,sam.taylor@protonmail.com,2022-05-30 02:10:52,Sam Taylor,3
REV-0180,Really disappointed— API v2 breaks backward compatibility. We’re evaluating alternatives.,casey.garcia28,casey.garcia@inbox.com,2023-10-16 12:34:28,Casey Garcia,2
REV-0181,Absolutely impressed with how API documentation is clean. The pricing scales fairly.,sam.brown25,sam.brown@inbox.com,2024-07-09 09:01:35,Sam Brown,5
REV-0182,This has been rough: authentication randomly expires sessions. Hope the team can address this soon.,sam.rivera51,sam.rivera@outlook.com,2023-10-03 06:54:41,Sam Rivera,2
REV-0183,Really disappointed— API v2 breaks backward compatibility. We’re evaluating alternatives.,quinn.lee21,quinn.lee@protonmail.com,2024-11-01 16:38:50,Quinn Lee,1
REV-0184,Absolutely impressed with how onboarding was smooth and the step-by-step wizard made integration painless. The pricing scales fairly.,riley.brown86,riley.brown@yahoo.com,2025-09-01 17:08:00,Riley Brown,4
REV-0185,Our non-technical team loves that support team responded within minutes. We’ve renewed for another year.,riley.smith61,riley.smith@inbox.com,2022-04-03 14:35:05,Riley Smith,5
REV-0186,Not thrilled about how mobile app crashes when switching workspaces. Downtime cost us real customers.,jordan.taylor74,jordan.taylor@protonmail.com,2025-01-31 10:11:03,Jordan Taylor,1
REV-0187,Our non-technical team loves that dashboard UX is intuitive. We migrated services in a weekend.,morgan.smith53,morgan.smith@outlook.com,2024-01-19 05:15:09,Morgan Smith,4
REV-0188,Our non-technical team loves that support team responded within minutes. We’ve renewed for another year.,alex.rivera52,alex.rivera@yahoo.com,2024-08-28 18:54:29,Alex Rivera,5
REV-0189,Our non-technical team loves that dashboard UX is intuitive. We’ve renewed for another year.,taylor.taylor88,taylor.taylor@gmail.com,2023-09-05 21:37:00,Taylor Taylor,5
REV-0190,Absolutely impressed with how dashboard UX is intuitive. We’ve renewed for another year.,alex.smith52,alex.smith@gmail.com,2022-08-13 15:09:56,Alex Smith,4
REV-0191,This has been rough: invoice amounts do not match usage metrics. Downtime cost us real customers.,alex.garcia71,alex.garcia@mail.com,2024-12-09 22:54:07,Alex Garcia,1
REV-0192,"After three months, support team responded within minutes. The pricing scales fairly.",avery.patel34,avery.patel@example.com,2024-06-22 11:25:16,Avery Patel,4
REV-0193,This has been rough: authentication randomly expires sessions. Please prioritize stability.,alex.rivera76,alex.rivera@mail.com,2025-02-22 11:50:04,Alex Rivera,1
REV-0194,"After weeks of trying, authentication randomly expires sessions. Downtime cost us real customers.",quinn.martin53,quinn.martin@outlook.com,2023-12-27 23:25:19,Quinn Martin,1
REV-0195,This has been rough: API v2 breaks backward compatibility. Hope the team can address this soon.,riley.martin48,riley.martin@mail.com,2023-09-02 10:31:20,Riley Martin,2
REV-0196,"After three months, API documentation is clean. Honestly the best vendor experience.",jamie.khan46,jamie.khan@example.com,2025-03-20 19:46:37,Jamie Khan,5
REV-0197,"After three months, support team responded within minutes. Honestly the best vendor experience.",alex.khan20,alex.khan@inbox.com,2024-06-24 23:52:59,Alex Khan,5
REV-0198,Absolutely impressed with how support team responded within minutes. Honestly the best vendor experience.,jamie.khan27,jamie.khan@example.com,2025-06-14 21:21:57,Jamie Khan,4
REV-0199,Really disappointed— mobile app crashes when switching workspaces. Downtime cost us real customers.,jordan.taylor52,jordan.taylor@gmail.com,2024-08-25 03:39:38,Jordan Taylor,2
REV-0200,Absolutely impressed with how onboarding was smooth and the step-by-step wizard made integration painless. Honestly the best vendor experience.,quinn.brown93,quinn.brown@mail.com,2023-08-12 11:41:36,Quinn Brown,4
REV-0201,Five stars for the way onboarding was smooth and the step-by-step wizard made integration painless. We migrated services in a weekend.,taylor.taylor32,taylor.taylor@example.com,2024-03-24 18:02:10,Taylor Taylor,4
REV-0202,Not thrilled about how authentication randomly expires sessions. Downtime cost us real customers.,avery.garcia23,avery.garcia@inbox.com,2023-08-06 16:32:32,Avery Garcia,2
REV-0203,Really disappointed— mobile app crashes when switching workspaces. Please prioritize stability.,riley.nguyen24,riley.nguyen@inbox.com,2022-11-29 16:42:30,Riley Nguyen,2
REV-0204,Not thrilled about how API v2 breaks backward compatibility. We’re evaluating alternatives.,avery.nguyen32,avery.nguyen@outlook.com,2025-08-01 14:45:48,Avery Nguyen,4
REV-0205,"After three months, support team responded within minutes. The pricing scales fairly.",jordan.rivera27,jordan.rivera@protonmail.com,2023-10-25 09:01:52,Jordan Rivera,4
REV-0206,Five stars for the way support team responded within minutes. We migrated services in a weekend.,casey.khan84,casey.khan@gmail.com,2025-03-19 00:24:58,Casey Khan,3
REV-0207,"After weeks of trying, API v2 breaks backward compatibility. Downtime cost us real customers.",quinn.khan30,quinn.khan@protonmail.com,2024-10-26 11:19:20,Quinn Khan,1
REV-0208,Our non-technical team loves that dashboard UX is intuitive. Honestly the best vendor experience.,taylor.brown29,taylor.brown@protonmail.com,2025-05-25 13:36:11,Taylor Brown,4
REV-0209,Our non-technical team loves that onboarding was smooth and the step-by-step wizard made integration painless. We migrated services in a weekend.,avery.patel77,avery.patel@protonmail.com,2024-12-17 13:10:19,Avery Patel,4
REV-0210,Genuinely happy that dashboard UX is intuitive. We migrated services in a weekend.,avery.martin29,avery.martin@mail.com,2023-11-03 18:56:42,Avery Martin,5
REV-0211,Our non-technical team loves that dashboard UX is intuitive. We’ve renewed for another year.,alex.brown26,alex.brown@outlook.com,2024-04-30 16:37:53,Alex Brown,4
REV-0212,"After three months, API documentation is clean. We migrated services in a weekend.",morgan.khan10,morgan.khan@gmail.com,2023-03-23 21:03:20,Morgan Khan,3
REV-0213,This has been rough: API v2 breaks backward compatibility. Hope the team can address this soon.,jordan.brown14,jordan.brown@inbox.com,2024-04-17 06:33:10,Jordan Brown,2
REV-0214,"After weeks of trying, mobile app crashes when switching workspaces. Downtime cost us real customers.",morgan.taylor20,morgan.taylor@gmail.com,2025-01-09 04:50:31,Morgan Taylor,2
REV-0215,This has been rough: authentication randomly expires sessions. Hope the team can address this soon.,jamie.rivera38,jamie.rivera@yahoo.com,2022-01-08 00:49:39,Jamie Rivera,1
REV-0216,Frustrated that mobile app crashes when switching workspaces. Hope the team can address this soon.,sam.brown54,sam.brown@mail.com,2023-07-19 06:51:44,Sam Brown,1
REV-0217,Absolutely impressed with how support team responded within minutes. We migrated services in a weekend.,sam.nguyen18,sam.nguyen@example.com,2025-05-01 01:13:20,Sam Nguyen,5
REV-0218,Five stars for the way support team responded within minutes. We’ve renewed for another year.,quinn.nguyen79,quinn.nguyen@mail.com,2022-04-26 05:06:07,Quinn Nguyen,5
REV-0219,Five stars for the way onboarding was smooth and the step-by-step wizard made integration painless. Honestly the best vendor experience.,sam.khan28,sam.khan@gmail.com,2024-12-03 08:02:52,Sam Khan,5
REV-0220,"After weeks of trying, authentication randomly expires sessions. Hope the team can address this soon.",jamie.brown16,jamie.brown@inbox.com,2025-08-10 13:52:38,Jamie Brown,3
REV-0221,Genuinely happy that API documentation is clean. Honestly the best vendor experience.,riley.taylor33,riley.taylor@yahoo.com,2025-01-06 17:14:25,Riley Taylor,5
REV-0222,Genuinely happy that API documentation is clean. Honestly the best vendor experience.,alex.martin62,alex.martin@protonmail.com,2025-02-15 19:17:47,Alex Martin,5
REV-0223,"After three months, onboarding was smooth and the step-by-step wizard made integration painless. We migrated services in a weekend.",jordan.brown57,jordan.brown@example.com,2025-01-01 06:56:06,Jordan Brown,3
REV-0224,Absolutely impressed with how support team responded within minutes. Honestly the best vendor experience.,avery.martin37,avery.martin@protonmail.com,2023-03-04 12:07:22,Avery Martin,4
REV-0225,Not thrilled about how API v2 breaks backward compatibility. Please prioritize stability.,quinn.nguyen99,quinn.nguyen@outlook.com,2023-02-23 14:26:27,Quinn Nguyen,4
REV-0226,"After three months, dashboard UX is intuitive. We migrated services in a weekend.",quinn.martin93,quinn.martin@inbox.com,2023-09-24 09:31:23,Quinn Martin,4
REV-0227,Genuinely happy that support team responded within minutes. We migrated services in a weekend.,casey.nguyen57,casey.nguyen@inbox.com,2024-04-27 01:39:52,Casey Nguyen,5
REV-0228,Five stars for the way support team responded within minutes. The pricing scales fairly.,jamie.garcia84,jamie.garcia@gmail.com,2024-05-05 10:44:51,Jamie Garcia,3
REV-0229,This has been rough: authentication randomly expires sessions. Hope the team can address this soon.,quinn.martin93,quinn.martin@gmail.com,2023-11-23 09:22:08,Quinn Martin,1
REV-0230,Our non-technical team loves that onboarding was smooth and the step-by-step wizard made integration painless. We migrated services in a weekend.,casey.rivera27,casey.rivera@gmail.com,2025-01-24 17:46:44,Casey Rivera,4
REV-0231,Genuinely happy that onboarding was smooth and the step-by-step wizard made integration painless. Honestly the best vendor experience.,alex.lee62,alex.lee@mail.com,2025-07-15 08:25:34,Alex Lee,5
REV-0232,Frustrated that mobile app crashes when switching workspaces. Hope the team can address this soon.,casey.lee89,casey.lee@gmail.com,2025-06-16 17:35:34,Casey Lee,1
REV-0233,"After three months, support team responded within minutes. We migrated services in a weekend.",alex.martin45,alex.martin@outlook.com,2023-08-11 00:37:26,Alex Martin,3
REV-0234,Five stars for the way API documentation is clean. The pricing scales fairly.,jamie.rivera40,jamie.rivera@mail.com,2025-06-23 19:10:03,Jamie Rivera,3
REV-0235,Absolutely impressed with how onboarding was smooth and the step-by-step wizard made integration painless. We migrated services in a weekend.,casey.taylor68,casey.taylor@outlook.com,2023-05-14 08:13:23,Casey Taylor,5
REV-0236,Genuinely happy that onboarding was smooth and the step-by-step wizard made integration painless. The pricing scales fairly.,morgan.taylor80,morgan.taylor@protonmail.com,2022-04-25 23:10:59,Morgan Taylor,5
REV-0237,Our non-technical team loves that dashboard UX is intuitive. We’ve renewed for another year.,casey.garcia22,casey.garcia@outlook.com,2022-03-29 08:21:55,Casey Garcia,4
REV-0238,"After weeks of trying, mobile app crashes when switching workspaces. Downtime cost us real customers.",jordan.khan79,jordan.khan@outlook.com,2022-03-09 06:31:48,Jordan Khan,1
REV-0239,"After three months, API documentation is clean. The pricing scales fairly.",morgan.patel48,morgan.patel@mail.com,2025-02-28 08:45:19,Morgan Patel,3
REV-0240,Absolutely impressed with how API documentation is clean. The pricing scales fairly.,jordan.martin54,jordan.martin@example.com,2022-07-20 15:54:50,Jordan Martin,5
REV-0241,"After three months, dashboard UX is intuitive. Honestly the best vendor experience.",alex.khan67,alex.khan@protonmail.com,2023-04-13 12:57:16,Alex Khan,5
REV-0242,Genuinely happy that dashboard UX is intuitive. Honestly the best vendor experience.,jordan.garcia47,jordan.garcia@yahoo.com,2023-05-20 02:40:34,Jordan Garcia,5
REV-0243,Five stars for the way onboarding was smooth and the step-by-step wizard made integration painless. Honestly the best vendor experience.,casey.smith23,casey.smith@example.com,2022-01-11 11:13:25,Casey Smith,4
REV-0244,Absolutely impressed with how onboarding was smooth and the step-by-step wizard made integration painless. We’ve renewed for another year.,taylor.taylor67,taylor.taylor@outlook.com,2025-02-10 18:39:26,Taylor Taylor,4
REV-0245,"After three months, onboarding was smooth and the step-by-step wizard made integration painless. Honestly the best vendor experience.",avery.garcia51,avery.garcia@yahoo.com,2024-02-28 00:26:57,Avery Garcia,4
REV-0246,Absolutely impressed with how support team responded within minutes. The pricing scales fairly.,morgan.rivera27,morgan.rivera@inbox.com,2023-09-09 09:46:20,Morgan Rivera,5
REV-0247,Genuinely happy that dashboard UX is intuitive. Honestly the best vendor experience.,morgan.khan71,morgan.khan@yahoo.com,2022-06-07 13:08:53,Morgan Khan,5
REV-0248,This has been rough: API v2 breaks backward compatibility. Hope the team can address this soon.,jordan.rivera48,jordan.rivera@example.com,2024-03-21 12:05:44,Jordan Rivera,2
REV-0249,Really disappointed— authentication randomly expires sessions. Please prioritize stability.,morgan.garcia27,morgan.garcia@inbox.com,2023-10-19 21:57:44,Morgan Garcia,1
REV-0250,Really disappointed— API v2 breaks backward compatibility. Hope the team can address this soon.,morgan.smith47,morgan.smith@gmail.com,2025-07-20 17:52:37,Morgan Smith,2
REV-0251,Really disappointed— mobile app crashes when switching workspaces. Hope the team can address this soon.,morgan.smith24,morgan.smith@outlook.com,2023-02-14 21:33:44,Morgan Smith,1
REV-0252,Five stars for the way support team responded within minutes. We’ve renewed for another year.,quinn.khan98,quinn.khan@example.com,2024-04-17 18:10:44,Quinn Khan,4
REV-0253,Our non-technical team loves that dashboard UX is intuitive. We migrated services in a weekend.,morgan.taylor19,morgan.taylor@protonmail.com,2025-05-09 17:26:54,Morgan Taylor,5
REV-0254,"After weeks of trying, invoice amounts do not match usage metrics. We’re evaluating alternatives.",jamie.garcia91,jamie.garcia@example.com,2022-08-12 09:02:16,Jamie Garcia,4
REV-0255,Our non-technical team loves that support team responded within minutes. The pricing scales fairly.,casey.taylor23,casey.taylor@example.com,2022-07-21 09:25:13,Casey Taylor,5
REV-0256,Absolutely impressed with how dashboard UX is intuitive. We migrated services in a weekend.,morgan.brown96,morgan.brown@outlook.com,2024-10-21 05:29:18,Morgan Brown,5
REV-0257,"After three months, support team responded within minutes. The pricing scales fairly.",morgan.patel24,morgan.patel@yahoo.com,2022-10-18 12:40:56,Morgan Patel,4
REV-0258,Absolutely impressed with how onboarding was smooth and the step-by-step wizard made integration painless. We migrated services in a weekend.,quinn.patel66,quinn.patel@gmail.com,2024-07-15 11:36:40,Quinn Patel,5
REV-0259,Our non-technical team loves that dashboard UX is intuitive. The pricing scales fairly.,jordan.rivera41,jordan.rivera@outlook.com,2022-12-24 20:05:39,Jordan Rivera,4
REV-0260,Our non-technical team loves that support team responded within minutes. The pricing scales fairly.,morgan.rivera33,morgan.rivera@gmail.com,2024-06-04 14:24:09,Morgan Rivera,5
REV-0261,Our non-technical team loves that support team responded within minutes. We’ve renewed for another year.,morgan.lee37,morgan.lee@mail.com,2023-07-25 02:16:40,Morgan Lee,5
REV-0262,"After weeks of trying, authentication randomly expires sessions. Hope the team can address this soon.",sam.brown24,sam.brown@inbox.com,2024-09-29 19:12:48,Sam Brown,3
REV-0263,Not thrilled about how mobile app crashes when switching workspaces. Downtime cost us real customers.,casey.smith68,casey.smith@outlook.com,2022-12-20 10:49:46,Casey Smith,2
REV-0264,Not thrilled about how authentication randomly expires sessions. Hope the team can address this soon.,jordan.nguyen49,jordan.nguyen@example.com,2023-01-10 13:35:29,Jordan Nguyen,3
REV-0265,Genuinely happy that support team responded within minutes. The pricing scales fairly.,avery.taylor64,avery.taylor@mail.com,2024-09-23 23:08:16,Avery Taylor,5
REV-0266,Five stars for the way onboarding was smooth and the step-by-step wizard made integration painless. The pricing scales fairly.,taylor.rivera50,taylor.rivera@yahoo.com,2024-07-12 22:33:07,Taylor Rivera,3
REV-0267,"After three months, dashboard UX is intuitive. The pricing scales fairly.",sam.taylor81,sam.taylor@outlook.com,2025-08-30 18:01:16,Sam Taylor,4
REV-0268,Genuinely happy that API documentation is clean. Honestly the best vendor experience.,taylor.patel82,taylor.patel@example.com,2023-03-28 10:38:04,Taylor Patel,5
REV-0269,Our non-technical team loves that API documentation is clean. We migrated services in a weekend.,avery.brown80,avery.brown@outlook.com,2022-08-20 20:51:06,Avery Brown,5
REV-0270,Absolutely impressed with how dashboard UX is intuitive. We’ve renewed for another year.,jamie.nguyen64,jamie.nguyen@example.com,2025-08-31 09:00:44,Jamie Nguyen,5
REV-0271,Not thrilled about how API v2 breaks backward compatibility. Hope the team can address this soon.,jordan.brown25,jordan.brown@yahoo.com,2023-05-01 07:38:29,Jordan Brown,3
REV-0272,Our non-technical team loves that API documentation is clean. Honestly the best vendor experience.,avery.rivera36,avery.rivera@yahoo.com,2023-02-28 02:09:40,Avery Rivera,5
REV-0273,"After three months, onboarding was smooth and the step-by-step wizard made integration painless. We’ve renewed for another year.",riley.khan83,riley.khan@inbox.com,2024-11-19 03:28:01,Riley Khan,4
REV-0274,This has been rough: authentication randomly expires sessions. Downtime cost us real customers.,taylor.nguyen28,taylor.nguyen@gmail.com,2023-10-22 09:00:47,Taylor Nguyen,2
REV-0275,Five stars for the way API documentation is clean. The pricing scales fairly.,morgan.taylor67,morgan.taylor@example.com,2025-07-21 03:23:22,Morgan Taylor,4
REV-0276,"After weeks of trying, mobile app crashes when switching workspaces. Hope the team can address this soon.",casey.garcia10,casey.garcia@yahoo.com,2022-07-10 16:41:29,Casey Garcia,1
REV-0277,Our non-technical team loves that support team responded within minutes. The pricing scales fairly.,morgan.nguyen73,morgan.nguyen@inbox.com,2023-10-24 10:19:31,Morgan Nguyen,5
REV-0278,Genuinely happy that dashboard UX is intuitive. The pricing scales fairly.,alex.lee22,alex.lee@gmail.com,2024-07-30 00:35:34,Alex Lee,4
REV-0279,Five stars for the way onboarding was smooth and the step-by-step wizard made integration painless. We’ve renewed for another year.,morgan.nguyen98,morgan.nguyen@mail.com,2025-08-24 10:59:26,Morgan Nguyen,5
REV-0280,Five stars for the way support team responded within minutes. The pricing scales fairly.,jordan.smith95,jordan.smith@gmail.com,2022-12-05 01:53:07,Jordan Smith,3
REV-0281,Our non-technical team loves that dashboard UX is intuitive. We migrated services in a weekend.,jordan.lee37,jordan.lee@protonmail.com,2022-06-09 04:49:53,Jordan Lee,4
REV-0282,"After three months, onboarding was smooth and the step-by-step wizard made integration painless. We migrated services in a weekend.",casey.patel64,casey.patel@gmail.com,2022-09-28 17:23:33,Casey Patel,3
REV-0283,Really disappointed— mobile app crashes when switching workspaces. We’re evaluating alternatives.,casey.smith48,casey.smith@mail.com,2024-02-23 04:50:51,Casey Smith,1
REV-0284,"After three months, support team responded within minutes. We migrated services in a weekend.",quinn.smith37,quinn.smith@gmail.com,2022-11-07 14:59:23,Quinn Smith,3
REV-0285,"After weeks of trying, invoice amounts do not match usage metrics. Downtime cost us real customers.",taylor.patel85,taylor.patel@gmail.com,2024-02-26 12:47:56,Taylor Patel,2
REV-0286,Absolutely impressed with how API documentation is clean. Honestly the best vendor experience.,jordan.nguyen80,jordan.nguyen@outlook.com,2025-05-13 22:07:18,Jordan Nguyen,4
REV-0287,Genuinely happy that dashboard UX is intuitive. We migrated services in a weekend.,morgan.khan92,morgan.khan@example.com,2023-05-06 18:01:05,Morgan Khan,4
REV-0288,Genuinely happy that dashboard UX is intuitive. We migrated services in a weekend.,casey.smith26,casey.smith@protonmail.com,2025-03-10 15:19:23,Casey Smith,4
REV-0289,This has been rough: API v2 breaks backward compatibility. Hope the team can address this soon.,avery.patel11,avery.patel@inbox.com,2023-03-18 01:27:00,Avery Patel,2
REV-0290,Absolutely impressed with how API documentation is clean. We migrated services in a weekend.,morgan.patel91,morgan.patel@outlook.com,2025-01-06 22:25:46,Morgan Patel,4
REV-0291,Frustrated that API v2 breaks backward compatibility. Hope the team can address this soon.,taylor.martin51,taylor.martin@protonmail.com,2025-04-16 23:05:38,Taylor Martin,1
REV-0292,Absolutely impressed with how API documentation is clean. Honestly the best vendor experience.,alex.nguyen21,alex.nguyen@protonmail.com,2022-08-26 16:30:24,Alex Nguyen,4
REV-0293,Not thrilled about how API v2 breaks backward compatibility. Downtime cost us real customers.,alex.rivera99,alex.rivera@example.com,2022-12-02 18:04:25,Alex Rivera,2
REV-0294,"After weeks of trying, mobile app crashes when switching workspaces. Please prioritize stability.",taylor.khan25,taylor.khan@yahoo.com,2022-03-02 12:11:50,Taylor Khan,1
REV-0295,Really disappointed— API v2 breaks backward compatibility. Downtime cost us real customers.,quinn.brown75,quinn.brown@inbox.com,2022-04-24 18:11:24,Quinn Brown,2
REV-0296,Frustrated that mobile app crashes when switching workspaces. We’re evaluating alternatives.,jordan.garcia96,jordan.garcia@gmail.com,2022-08-25 08:18:57,Jordan Garcia,1
REV-0297,Frustrated that authentication randomly expires sessions. Downtime cost us real customers.,alex.brown56,alex.brown@protonmail.com,2022-11-04 06:30:56,Alex Brown,2
REV-0298,Our non-technical team loves that onboarding was smooth and the step-by-step wizard made integration painless. Honestly the best vendor experience.,sam.taylor50,sam.taylor@inbox.com,2022-06-09 20:48:32,Sam Taylor,4
REV-0299,"After weeks of trying, API v2 breaks backward compatibility. We’re evaluating alternatives.",jamie.lee61,jamie.lee@example.com,2024-08-10 10:16:42,Jamie Lee,4
REV-0300,Really disappointed— authentication randomly expires sessions. Please prioritize stability.,alex.smith35,alex.smith@inbox.com,2025-02-28 11:03:54,Alex Smith,2
REV-0301,Our non-technical team loves that API documentation is clean. We migrated services in a weekend.,sam.martin41,sam.martin@mail.com,2022-01-14 14:55:44,Sam Martin,5
REV-0302,This has been rough: authentication randomly expires sessions. We’re evaluating alternatives.,alex.taylor49,alex.taylor@example.com,2023-02-25 19:17:23,Alex Taylor,1
REV-0303,"After weeks of trying, authentication randomly expires sessions. We’re evaluating alternatives.",riley.patel15,riley.patel@mail.com,2024-11-30 15:02:20,Riley Patel,3
REV-0304,Absolutely impressed with how dashboard UX is intuitive. Honestly the best vendor experience.,jamie.rivera91,jamie.rivera@yahoo.com,2024-03-18 02:43:28,Jamie Rivera,4
REV-0305,Five stars for the way support team responded within minutes. We migrated services in a weekend.,riley.khan50,riley.khan@yahoo.com,2024-03-15 11:52:42,Riley Khan,3
REV-0306,Five stars for the way dashboard UX is intuitive. We migrated services in a weekend.,taylor.garcia23,taylor.garcia@mail.com,2022-08-05 05:59:04,Taylor Garcia,4
REV-0307,Five stars for the way onboarding was smooth and the step-by-step wizard made integration painless. Honestly the best vendor experience.,sam.brown49,sam.brown@protonmail.com,2023-06-27 04:21:57,Sam Brown,5
REV-0308,Five stars for the way API documentation is clean. Honestly the best vendor experience.,taylor.patel41,taylor.patel@inbox.com,2024-03-22 18:41:40,Taylor Patel,4
REV-0309,Absolutely impressed with how support team responded within minutes. We migrated services in a weekend.,morgan.brown81,morgan.brown@gmail.com,2025-01-31 09:05:48,Morgan Brown,4
REV-0310,Frustrated that API v2 breaks backward compatibility. We’re evaluating alternatives.,alex.nguyen26,alex.nguyen@mail.com,2024-03-31 13:33:10,Alex Nguyen,1
REV-0311,"After weeks of trying, mobile app crashes when switching workspaces. We’re evaluating alternatives.",jordan.nguyen92,jordan.nguyen@protonmail.com,2022-09-21 03:20:55,Jordan Nguyen,2
REV-0312,"After three months, support team responded within minutes. We’ve renewed for another year.",alex.rivera83,alex.rivera@protonmail.com,2024-03-19 18:03:48,Alex Rivera,4
REV-0313,Our non-technical team loves that support team responded within minutes. We’ve renewed for another year.,taylor.khan45,taylor.khan@protonmail.com,2022-11-01 01:15:41,Taylor Khan,5
REV-0314,"After three months, support team responded within minutes. Honestly the best vendor experience.",morgan.martin71,morgan.martin@example.com,2022-06-29 10:11:10,Morgan Martin,4
REV-0315,Not thrilled about how API v2 breaks backward compatibility. Hope the team can address this soon.,morgan.smith71,morgan.smith@outlook.com,2024-09-19 12:31:33,Morgan Smith,4
REV-0316,"After weeks of trying, mobile app crashes when switching workspaces. Hope the team can address this soon.",taylor.lee50,taylor.lee@outlook.com,2023-03-25 01:04:00,Taylor Lee,2
REV-0317,Our non-technical team loves that onboarding was smooth and the step-by-step wizard made integration painless. Honestly the best vendor experience.,avery.nguyen30,avery.nguyen@example.com,2023-05-23 23:54:56,Avery Nguyen,5
REV-0318,"After weeks of trying, mobile app crashes when switching workspaces. Please prioritize stability.",casey.rivera32,casey.rivera@mail.com,2025-04-28 11:34:41,Casey Rivera,1
REV-0319,Absolutely impressed with how onboarding was smooth and the step-by-step wizard made integration painless. Honestly the best vendor experience.,avery.nguyen73,avery.nguyen@outlook.com,2023-09-25 06:23:30,Avery Nguyen,4
REV-0320,Genuinely happy that API documentation is clean. Honestly the best vendor experience.,alex.martin71,alex.martin@example.com,2023-11-11 22:21:35,Alex Martin,5
REV-0321,"After weeks of trying, mobile app crashes when switching workspaces. Please prioritize stability.",alex.lee28,alex.lee@outlook.com,2022-10-18 04:02:18,Alex Lee,2
REV-0322,This has been rough: authentication randomly expires sessions. Please prioritize stability.,avery.patel53,avery.patel@inbox.com,2023-10-23 04:58:04,Avery Patel,1
REV-0323,Five stars for the way support team responded within minutes. Honestly the best vendor experience.,jamie.garcia55,jamie.garcia@mail.com,2025-04-21 06:23:03,Jamie Garcia,4
REV-0324,Our non-technical team loves that support team responded within minutes. We migrated services in a weekend.,avery.taylor82,avery.taylor@example.com,2023-01-08 21:55:56,Avery Taylor,5
REV-0325,Absolutely impressed with how API documentation is clean. The pricing scales fairly.,taylor.smith19,taylor.smith@mail.com,2023-12-12 11:37:59,Taylor Smith,4
REV-0326,Absolutely impressed with how onboarding was smooth and the step-by-step wizard made integration painless. We migrated services in a weekend.,riley.nguyen41,riley.nguyen@gmail.com,2022-05-19 12:45:38,Riley Nguyen,5
REV-0327,"After three months, onboarding was smooth and the step-by-step wizard made integration painless. The pricing scales fairly.",quinn.taylor31,quinn.taylor@protonmail.com,2024-10-06 13:47:18,Quinn Taylor,3
REV-0328,Five stars for the way onboarding was smooth and the step-by-step wizard made integration painless. We migrated services in a weekend.,taylor.brown19,taylor.brown@yahoo.com,2022-03-10 10:44:14,Taylor Brown,4
REV-0329,Frustrated that API v2 breaks backward compatibility. Hope the team can address this soon.,taylor.taylor30,taylor.taylor@gmail.com,2022-06-03 19:55:02,Taylor Taylor,1
REV-0330,Genuinely happy that support team responded within minutes. The pricing scales fairly.,morgan.rivera87,morgan.rivera@protonmail.com,2022-11-18 01:56:59,Morgan Rivera,5
REV-0331,"After three months, support team responded within minutes. We migrated services in a weekend.",riley.khan40,riley.khan@example.com,2022-04-12 14:18:18,Riley Khan,4
REV-0332,Absolutely impressed with how onboarding was smooth and the step-by-step wizard made integration painless. Honestly the best vendor experience.,alex.taylor21,alex.taylor@inbox.com,2025-07-04 21:51:11,Alex Taylor,4
REV-0333,This has been rough: authentication randomly expires sessions. Please prioritize stability.,riley.patel70,riley.patel@yahoo.com,2022-08-25 11:13:36,Riley Patel,1
REV-0334,Absolutely impressed with how API documentation is clean. The pricing scales fairly.,jamie.taylor33,jamie.taylor@inbox.com,2024-02-21 13:26:58,Jamie Taylor,5
REV-0335,Frustrated that mobile app crashes when switching workspaces. Please prioritize stability.,riley.nguyen44,riley.nguyen@outlook.com,2022-05-07 05:30:08,Riley Nguyen,2
REV-0336,Our non-technical team loves that dashboard UX is intuitive. Honestly the best vendor experience.,avery.nguyen80,avery.nguyen@example.com,2024-03-03 19:01:35,Avery Nguyen,5
REV-0337,Our non-technical team loves that support team responded within minutes. We migrated services in a weekend.,riley.patel60,riley.patel@yahoo.com,2022-03-13 18:16:51,Riley Patel,5
REV-0338,Absolutely impressed with how dashboard UX is intuitive. Honestly the best vendor experience.,taylor.rivera37,taylor.rivera@yahoo.com,2023-01-30 04:35:39,Taylor Rivera,4
REV-0339,"After three months, API documentation is clean. We’ve renewed for another year.",avery.khan50,avery.khan@gmail.com,2022-05-18 03:10:06,Avery Khan,5
REV-0340,Genuinely happy that onboarding was smooth and the step-by-step wizard made integration painless. We migrated services in a weekend.,alex.garcia85,alex.garcia@outlook.com,2024-05-09 04:05:48,Alex Garcia,4
REV-0341,Not thrilled about how authentication randomly expires sessions. We’re evaluating alternatives.,riley.martin54,riley.martin@protonmail.com,2023-06-25 13:56:46,Riley Martin,3
REV-0342,Five stars for the way support team responded within minutes. We migrated services in a weekend.,riley.taylor28,riley.taylor@outlook.com,2025-05-31 14:37:34,Riley Taylor,4
REV-0343,"After three months, onboarding was smooth and the step-by-step wizard made integration painless. Honestly the best vendor experience.",riley.smith12,riley.smith@inbox.com,2023-09-13 11:19:16,Riley Smith,4
REV-0344,Really disappointed— authentication randomly expires sessions. Downtime cost us real customers.,riley.brown51,riley.brown@inbox.com,2024-05-03 22:01:35,Riley Brown,2
REV-0345,Frustrated that API v2 breaks backward compatibility. Hope the team can address this soon.,quinn.martin57,quinn.martin@yahoo.com,2022-04-26 18:45:37,Quinn Martin,1
REV-0346,Really disappointed— mobile app crashes when switching workspaces. Hope the team can address this soon.,jamie.garcia13,jamie.garcia@mail.com,2023-01-30 07:18:29,Jamie Garcia,1
REV-0347,Absolutely impressed with how onboarding was smooth and the step-by-step wizard made integration painless. Honestly the best vendor experience.,casey.nguyen45,casey.nguyen@inbox.com,2024-08-08 18:23:27,Casey Nguyen,5
REV-0348,Five stars for the way support team responded within minutes. We’ve renewed for another year.,quinn.garcia67,quinn.garcia@mail.com,2024-08-29 21:22:03,Quinn Garcia,4
REV-0349,Really disappointed— invoice amounts do not match usage metrics. Downtime cost us real customers.,riley.lee59,riley.lee@example.com,2022-11-30 20:50:07,Riley Lee,1
REV-0350,Really disappointed— mobile app crashes when switching workspaces. Downtime cost us real customers.,riley.taylor75,riley.taylor@example.com,2022-01-19 17:15:40,Riley Taylor,2
REV-0351,This has been rough: API v2 breaks backward compatibility. Downtime cost us real customers.,avery.khan92,avery.khan@inbox.com,2024-05-17 13:42:25,Avery Khan,2
REV-0352,Five stars for the way API documentation is clean. We’ve renewed for another year.,riley.martin89,riley.martin@protonmail.com,2025-04-12 03:43:30,Riley Martin,4
REV-0353,"After weeks of trying, API v2 breaks backward compatibility. Downtime cost us real customers.",quinn.patel53,quinn.patel@inbox.com,2025-08-04 11:50:16,Quinn Patel,1
REV-0354,Really disappointed— mobile app crashes when switching workspaces. Hope the team can address this soon.,jamie.nguyen17,jamie.nguyen@yahoo.com,2025-05-13 14:42:45,Jamie Nguyen,2
REV-0355,Not thrilled about how invoice amounts do not match usage metrics. Please prioritize stability.,riley.taylor61,riley.taylor@protonmail.com,2022-03-14 21:13:38,Riley Taylor,3
REV-0356,Not thrilled about how invoice amounts do not match usage metrics. Please prioritize stability.,jamie.brown95,jamie.brown@inbox.com,2024-11-04 10:55:47,Jamie Brown,3
REV-0357,"After weeks of trying, mobile app crashes when switching workspaces. Downtime cost us real customers.",quinn.rivera43,quinn.rivera@gmail.com,2025-02-18 06:39:55,Quinn Rivera,2
REV-0358,Five stars for the way dashboard UX is intuitive. We migrated services in a weekend.,sam.khan63,sam.khan@yahoo.com,2023-11-10 13:31:57,Sam Khan,4
REV-0359,Not thrilled about how mobile app crashes when switching workspaces. Hope the team can address this soon.,alex.garcia84,alex.garcia@outlook.com,2022-05-26 17:11:34,Alex Garcia,2
REV-0360,Our non-technical team loves that dashboard UX is intuitive. Honestly the best vendor experience.,morgan.lee29,morgan.lee@mail.com,2023-02-15 12:28:34,Morgan Lee,5
REV-0361,Absolutely impressed with how onboarding was smooth and the step-by-step wizard made integration painless. The pricing scales fairly.,taylor.patel72,taylor.patel@inbox.com,2025-07-16 06:26:16,Taylor Patel,5
REV-0362,Frustrated that invoice amounts do not match usage metrics. Hope the team can address this soon.,sam.rivera83,sam.rivera@yahoo.com,2022-11-21 17:49:29,Sam Rivera,2
REV-0363,Five stars for the way onboarding was smooth and the step-by-step wizard made integration painless. We’ve renewed for another year.,morgan.taylor71,morgan.taylor@protonmail.com,2022-01-10 01:22:24,Morgan Taylor,4
REV-0364,"After weeks of trying, API v2 breaks backward compatibility. Downtime cost us real customers.",alex.lee90,alex.lee@gmail.com,2023-05-25 08:14:17,Alex Lee,1
REV-0365,"After weeks of trying, API v2 breaks backward compatibility. Hope the team can address this soon.",morgan.martin85,morgan.martin@inbox.com,2022-12-09 02:22:37,Morgan Martin,4
REV-0366,"After three months, onboarding was smooth and the step-by-step wizard made integration painless. Honestly the best vendor experience.",morgan.rivera53,morgan.rivera@protonmail.com,2024-01-06 06:51:37,Morgan Rivera,4
REV-0367,Absolutely impressed with how dashboard UX is intuitive. We’ve renewed for another year.,taylor.nguyen12,taylor.nguyen@outlook.com,2024-10-30 06:09:09,Taylor Nguyen,4
REV-0368,Absolutely impressed with how dashboard UX is intuitive. The pricing scales fairly.,avery.lee94,avery.lee@example.com,2025-08-31 00:43:07,Avery Lee,5
REV-0369,Frustrated that API v2 breaks backward compatibility. Hope the team can address this soon.,jordan.martin42,jordan.martin@protonmail.com,2022-11-10 07:28:54,Jordan Martin,1
REV-0370,Frustrated that mobile app crashes when switching workspaces. Please prioritize stability.,jamie.khan89,jamie.khan@outlook.com,2022-10-08 15:14:56,Jamie Khan,1
REV-0371,Really disappointed— API v2 breaks backward compatibility. Hope the team can address this soon.,jordan.brown35,jordan.brown@outlook.com,2023-02-14 09:34:31,Jordan Brown,2
REV-0372,Absolutely impressed with how onboarding was smooth and the step-by-step wizard made integration painless. We migrated services in a weekend.,taylor.lee80,taylor.lee@protonmail.com,2023-03-02 17:30:01,Taylor Lee,4
REV-0373,Frustrated that API v2 breaks backward compatibility. Downtime cost us real customers.,avery.brown29,avery.brown@example.com,2024-11-13 02:43:56,Avery Brown,2
REV-0374,"After weeks of trying, API v2 breaks backward compatibility. Please prioritize stability.",riley.khan69,riley.khan@example.com,2022-07-24 06:21:38,Riley Khan,4
REV-0375,Five stars for the way dashboard UX is intuitive. We’ve renewed for another year.,jordan.patel15,jordan.patel@example.com,2022-10-11 23:33:49,Jordan Patel,4
REV-0376,"After weeks of trying, authentication randomly expires sessions. Hope the team can address this soon.",casey.smith33,casey.smith@example.com,2024-03-31 14:34:21,Casey Smith,4
REV-0377,Our non-technical team loves that dashboard UX is intuitive. The pricing scales fairly.,taylor.patel26,taylor.patel@gmail.com,2022-05-01 05:48:12,Taylor Patel,4
REV-0378,"After three months, onboarding was smooth and the step-by-step wizard made integration painless. The pricing scales fairly.",avery.taylor55,avery.taylor@outlook.com,2022-03-01 04:45:25,Avery Taylor,4
REV-0379,Not thrilled about how invoice amounts do not match usage metrics. Please prioritize stability.,alex.patel43,alex.patel@gmail.com,2023-10-06 00:27:00,Alex Patel,3
REV-0380,Our non-technical team loves that onboarding was smooth and the step-by-step wizard made integration painless. We migrated services in a weekend.,morgan.nguyen71,morgan.nguyen@inbox.com,2025-08-06 14:00:46,Morgan Nguyen,4
REV-0381,"After weeks of trying, invoice amounts do not match usage metrics. Please prioritize stability.",jamie.brown73,jamie.brown@yahoo.com,2022-12-05 02:43:32,Jamie Brown,4
REV-0382,Genuinely happy that onboarding was smooth and the step-by-step wizard made integration painless. The pricing scales fairly.,alex.martin38,alex.martin@outlook.com,2025-08-10 13:47:08,Alex Martin,5
REV-0383,"After three months, onboarding was smooth and the step-by-step wizard made integration painless. We migrated services in a weekend.",avery.brown21,avery.brown@yahoo.com,2024-10-17 16:16:38,Avery Brown,4
REV-0384,Not thrilled about how API v2 breaks backward compatibility. Downtime cost us real customers.,morgan.lee81,morgan.lee@outlook.com,2022-01-01 03:18:33,Morgan Lee,2
REV-0385,Our non-technical team loves that dashboard UX is intuitive. We’ve renewed for another year.,casey.smith16,casey.smith@yahoo.com,2023-04-02 16:32:46,Casey Smith,5
REV-0386,Five stars for the way API documentation is clean. We migrated services in a weekend.,jordan.patel94,jordan.patel@mail.com,2022-01-05 12:25:42,Jordan Patel,3
REV-0387,Genuinely happy that support team responded within minutes. We migrated services in a weekend.,taylor.brown27,taylor.brown@yahoo.com,2024-04-18 03:53:39,Taylor Brown,5
REV-0388,Frustrated that mobile app crashes when switching workspaces. Hope the team can address this soon.,sam.brown34,sam.brown@gmail.com,2023-11-24 03:55:25,Sam Brown,2
REV-0389,Not thrilled about how authentication randomly expires sessions. Hope the team can address this soon.,avery.martin27,avery.martin@protonmail.com,2022-01-09 19:18:35,Avery Martin,3
REV-0390,Five stars for the way dashboard UX is intuitive. The pricing scales fairly.,avery.rivera26,avery.rivera@example.com,2024-03-04 23:56:22,Avery Rivera,3
REV-0391,Our non-technical team loves that API documentation is clean. We’ve renewed for another year.,riley.taylor53,riley.taylor@inbox.com,2024-07-16 04:51:21,Riley Taylor,4
REV-0392,Really disappointed— invoice amounts do not match usage metrics. Please prioritize stability.,sam.nguyen89,sam.nguyen@gmail.com,2023-08-19 12:34:18,Sam Nguyen,1
REV-0393,Not thrilled about how API v2 breaks backward compatibility. Hope the team can address this soon.,casey.martin71,casey.martin@outlook.com,2025-03-14 15:11:59,Casey Martin,3
REV-0394,Really disappointed— API v2 breaks backward compatibility. Downtime cost us real customers.,jamie.patel13,jamie.patel@protonmail.com,2022-10-25 01:55:55,Jamie Patel,2
REV-0395,Frustrated that API v2 breaks backward compatibility. Hope the team can address this soon.,riley.rivera17,riley.rivera@gmail.com,2023-08-28 07:25:38,Riley Rivera,1
REV-0396,Our non-technical team loves that API documentation is clean. We migrated services in a weekend.,avery.martin38,avery.martin@gmail.com,2025-08-18 20:26:06,Avery Martin,5
REV-0397,Five stars for the way support team responded within minutes. The pricing scales fairly.,morgan.taylor97,morgan.taylor@inbox.com,2025-02-04 01:57:31,Morgan Taylor,3
REV-0398,Really disappointed— API v2 breaks backward compatibility. Hope the team can address this soon.,casey.garcia79,casey.garcia@gmail.com,2025-05-20 07:09:11,Casey Garcia,1
REV-0399,"After three months, API documentation is clean. We’ve renewed for another year.",jordan.rivera32,jordan.rivera@gmail.com,2024-11-18 04:20:43,Jordan Rivera,4
REV-0400,Really disappointed— mobile app crashes when switching workspaces. Downtime cost us real customers.,taylor.garcia42,taylor.garcia@example.com,2023-11-08 16:58:42,Taylor Garcia,2
REV-0401,Not thrilled about how API v2 breaks backward compatibility. We’re evaluating alternatives.,avery.lee90,avery.lee@outlook.com,2023-09-09 17:51:37,Avery Lee,4
REV-0402,Our non-technical team loves that dashboard UX is intuitive. We migrated services in a weekend.,jamie.nguyen33,jamie.nguyen@outlook.com,2022-05-20 18:23:29,Jamie Nguyen,5
REV-0403,Our non-technical team loves that dashboard UX is intuitive. We migrated services in a weekend.,sam.nguyen94,sam.nguyen@inbox.com,2023-11-10 13:08:10,Sam Nguyen,4
REV-0404,Absolutely impressed with how API documentation is clean. The pricing scales fairly.,casey.brown40,casey.brown@gmail.com,2025-06-10 22:36:52,Casey Brown,4
REV-0405,"After weeks of trying, authentication randomly expires sessions. Hope the team can address this soon.",morgan.khan79,morgan.khan@gmail.com,2023-08-03 00:53:58,Morgan Khan,3
REV-0406,Our non-technical team loves that onboarding was smooth and the step-by-step wizard made integration painless. We migrated services in a weekend.,riley.nguyen51,riley.nguyen@outlook.com,2022-06-18 03:29:37,Riley Nguyen,4
REV-0407,Frustrated that invoice amounts do not match usage metrics. We’re evaluating alternatives.,sam.taylor23,sam.taylor@mail.com,2025-01-06 15:50:47,Sam Taylor,2
REV-0408,Not thrilled about how mobile app crashes when switching workspaces. Downtime cost us real customers.,casey.lee21,casey.lee@example.com,2022-04-22 06:28:49,Casey Lee,2
REV-0409,"After three months, onboarding was smooth and the step-by-step wizard made integration painless. We migrated services in a weekend.",morgan.taylor67,morgan.taylor@gmail.com,2024-04-08 15:45:57,Morgan Taylor,3
REV-0410,Frustrated that API v2 breaks backward compatibility. Please prioritize stability.,avery.lee99,avery.lee@yahoo.com,2022-05-29 13:01:24,Avery Lee,1
REV-0411,Genuinely happy that support team responded within minutes. The pricing scales fairly.,riley.brown58,riley.brown@protonmail.com,2022-03-05 17:15:26,Riley Brown,5
REV-0412,Frustrated that invoice amounts do not match usage metrics. We’re evaluating alternatives.,taylor.khan96,taylor.khan@yahoo.com,2025-08-19 13:35:06,Taylor Khan,1
REV-0413,"After weeks of trying, invoice amounts do not match usage metrics. Please prioritize stability.",alex.garcia86,alex.garcia@protonmail.com,2025-01-05 19:56:05,Alex Garcia,3
REV-0414,Five stars for the way support team responded within minutes. We migrated services in a weekend.,morgan.martin28,morgan.martin@mail.com,2023-01-12 08:02:19,Morgan Martin,3
REV-0415,Absolutely impressed with how API documentation is clean. We migrated services in a weekend.,avery.lee80,avery.lee@protonmail.com,2025-08-13 20:00:45,Avery Lee,4
REV-0416,Five stars for the way onboarding was smooth and the step-by-step wizard made integration painless. Honestly the best vendor experience.,avery.brown52,avery.brown@inbox.com,2022-09-20 23:51:54,Avery Brown,5
REV-0417,Our non-technical team loves that API documentation is clean. We’ve renewed for another year.,quinn.brown52,quinn.brown@outlook.com,2023-09-19 21:16:08,Quinn Brown,5
REV-0418,Five stars for the way support team responded within minutes. We’ve renewed for another year.,taylor.lee50,taylor.lee@mail.com,2023-03-30 23:19:55,Taylor Lee,5
REV-0419,Genuinely happy that onboarding was smooth and the step-by-step wizard made integration painless. We’ve renewed for another year.,quinn.brown55,quinn.brown@yahoo.com,2023-09-18 17:43:48,Quinn Brown,4
REV-0420,Frustrated that mobile app crashes when switching workspaces. Hope the team can address this soon.,jamie.nguyen43,jamie.nguyen@gmail.com,2025-07-07 02:47:02,Jamie Nguyen,1
REV-0421,Really disappointed— API v2 breaks backward compatibility. Hope the team can address this soon.,alex.martin43,alex.martin@outlook.com,2025-01-10 17:11:19,Alex Martin,1
REV-0422,Five stars for the way onboarding was smooth and the step-by-step wizard made integration painless. Honestly the best vendor experience.,avery.khan27,avery.khan@protonmail.com,2024-10-23 18:35:00,Avery Khan,4
REV-0423,Really disappointed— authentication randomly expires sessions. Please prioritize stability.,jamie.rivera67,jamie.rivera@mail.com,2023-01-02 20:37:13,Jamie Rivera,1
REV-0424,Genuinely happy that API documentation is clean. The pricing scales fairly.,sam.brown39,sam.brown@example.com,2023-06-26 13:27:02,Sam Brown,5
REV-0425,Not thrilled about how API v2 breaks backward compatibility. Please prioritize stability.,quinn.lee15,quinn.lee@gmail.com,2023-10-26 03:45:29,Quinn Lee,3
REV-0426,"After three months, support team responded within minutes. The pricing scales fairly.",morgan.taylor56,morgan.taylor@outlook.com,2025-08-31 02:50:02,Morgan Taylor,4
REV-0427,This has been rough: invoice amounts do not match usage metrics. Downtime cost us real customers.,casey.brown71,casey.brown@outlook.com,2022-01-14 18:16:16,Casey Brown,1
REV-0428,Absolutely impressed with how support team responded within minutes. The pricing scales fairly.,jamie.khan37,jamie.khan@mail.com,2023-01-18 05:43:45,Jamie Khan,5
REV-0429,"After three months, onboarding was smooth and the step-by-step wizard made integration painless. Honestly the best vendor experience.",jordan.brown96,jordan.brown@protonmail.com,2024-09-08 07:40:17,Jordan Brown,4
REV-0430,Our non-technical team loves that support team responded within minutes. We migrated services in a weekend.,taylor.garcia85,taylor.garcia@mail.com,2022-10-03 22:55:15,Taylor Garcia,4
REV-0431,"After weeks of trying, mobile app crashes when switching workspaces. Downtime cost us real customers.",riley.rivera76,riley.rivera@protonmail.com,2025-05-12 20:31:12,Riley Rivera,2
REV-0432,Our non-technical team loves that support team responded within minutes. We’ve renewed for another year.,avery.brown71,avery.brown@mail.com,2023-03-26 14:57:20,Avery Brown,4
REV-0433,Genuinely happy that onboarding was smooth and the step-by-step wizard made integration painless. We migrated services in a weekend.,casey.brown86,casey.brown@outlook.com,2022-05-21 08:22:02,Casey Brown,4
REV-0434,"After three months, onboarding was smooth and the step-by-step wizard made integration painless. We migrated services in a weekend.",jamie.martin97,jamie.martin@protonmail.com,2022-11-03 22:02:45,Jamie Martin,3
REV-0435,"After three months, API documentation is clean. We migrated services in a weekend.",quinn.rivera87,quinn.rivera@outlook.com,2022-01-03 23:38:16,Quinn Rivera,4
REV-0436,Genuinely happy that API documentation is clean. The pricing scales fairly.,sam.brown58,sam.brown@inbox.com,2025-04-21 20:58:33,Sam Brown,4
REV-0437,Absolutely impressed with how onboarding was smooth and the step-by-step wizard made integration painless. We migrated services in a weekend.,jordan.khan86,jordan.khan@outlook.com,2024-04-16 09:23:11,Jordan Khan,5
REV-0438,Our non-technical team loves that API documentation is clean. We’ve renewed for another year.,sam.smith62,sam.smith@inbox.com,2022-08-07 05:38:07,Sam Smith,5
REV-0439,Our non-technical team loves that dashboard UX is intuitive. Honestly the best vendor experience.,avery.smith88,avery.smith@inbox.com,2024-03-24 07:24:58,Avery Smith,5
REV-0440,"After three months, support team responded within minutes. We migrated services in a weekend.",jamie.martin71,jamie.martin@inbox.com,2023-09-21 21:01:53,Jamie Martin,3
REV-0441,Not thrilled about how mobile app crashes when switching workspaces. Downtime cost us real customers.,quinn.rivera22,quinn.rivera@mail.com,2024-11-07 14:35:02,Quinn Rivera,2
REV-0442,Five stars for the way support team responded within minutes. We’ve renewed for another year.,alex.patel28,alex.patel@protonmail.com,2025-05-14 15:51:05,Alex Patel,4
REV-0443,Our non-technical team loves that onboarding was smooth and the step-by-step wizard made integration painless. Honestly the best vendor experience.,avery.lee59,avery.lee@protonmail.com,2025-06-11 23:53:26,Avery Lee,5
REV-0444,Our non-technical team loves that support team responded within minutes. Honestly the best vendor experience.,quinn.lee35,quinn.lee@yahoo.com,2024-11-27 10:24:47,Quinn Lee,4
REV-0445,This has been rough: API v2 breaks backward compatibility. Hope the team can address this soon.,casey.nguyen93,casey.nguyen@example.com,2022-11-19 03:09:42,Casey Nguyen,2
REV-0446,Our non-technical team loves that API documentation is clean. We’ve renewed for another year.,avery.nguyen76,avery.nguyen@example.com,2022-05-21 03:16:58,Avery Nguyen,5
REV-0447,Genuinely happy that dashboard UX is intuitive. We migrated services in a weekend.,sam.garcia34,sam.garcia@protonmail.com,2024-04-07 20:55:54,Sam Garcia,4
REV-0448,Not thrilled about how API v2 breaks backward compatibility. Hope the team can address this soon.,jamie.khan53,jamie.khan@example.com,2024-11-17 09:22:56,Jamie Khan,4
REV-0449,Not thrilled about how mobile app crashes when switching workspaces. Hope the team can address this soon.,avery.brown41,avery.brown@yahoo.com,2023-11-27 16:42:22,Avery Brown,1
REV-0450,This has been rough: API v2 breaks backward compatibility. We’re evaluating alternatives.,riley.patel58,riley.patel@gmail.com,2023-03-28 08:22:17,Riley Patel,2
REV-0451,Genuinely happy that dashboard UX is intuitive. We’ve renewed for another year.,sam.khan21,sam.khan@protonmail.com,2023-12-02 02:46:05,Sam Khan,5
REV-0452,Really disappointed— invoice amounts do not match usage metrics. Please prioritize stability.,sam.garcia44,sam.garcia@mail.com,2023-01-25 18:10:04,Sam Garcia,1
REV-0453,Absolutely impressed with how onboarding was smooth and the step-by-step wizard made integration painless. We migrated services in a weekend.,sam.nguyen41,sam.nguyen@yahoo.com,2025-06-20 12:57:45,Sam Nguyen,5
REV-0454,This has been rough: API v2 breaks backward compatibility. Hope the team can address this soon.,avery.lee79,avery.lee@example.com,2024-09-14 13:30:53,Avery Lee,1
REV-0455,"After three months, dashboard UX is intuitive. We migrated services in a weekend.",jamie.khan60,jamie.khan@mail.com,2025-03-27 04:40:09,Jamie Khan,4
REV-0456,Absolutely impressed with how onboarding was smooth and the step-by-step wizard made integration painless. Honestly the best vendor experience.,morgan.rivera68,morgan.rivera@example.com,2024-11-27 16:45:02,Morgan Rivera,5
REV-0457,Five stars for the way support team responded within minutes. We’ve renewed for another year.,avery.patel51,avery.patel@inbox.com,2025-06-08 09:27:19,Avery Patel,5
REV-0458,Five stars for the way API documentation is clean. The pricing scales fairly.,avery.smith56,avery.smith@mail.com,2024-10-18 15:26:07,Avery Smith,4
REV-0459,"After weeks of trying, invoice amounts do not match usage metrics. Hope the team can address this soon.",quinn.rivera83,quinn.rivera@mail.com,2025-03-25 08:19:18,Quinn Rivera,4
REV-0460,Genuinely happy that API documentation is clean. The pricing scales fairly.,sam.rivera29,sam.rivera@protonmail.com,2022-01-20 06:25:48,Sam Rivera,5
REV-0461,Frustrated that invoice amounts do not match usage metrics. Please prioritize stability.,riley.martin82,riley.martin@example.com,2024-03-26 03:36:12,Riley Martin,2
REV-0462,Five stars for the way API documentation is clean. We migrated services in a weekend.,jordan.brown52,jordan.brown@inbox.com,2024-01-10 13:07:06,Jordan Brown,4
REV-0463,Our non-technical team loves that support team responded within minutes. We’ve renewed for another year.,jordan.smith96,jordan.smith@outlook.com,2023-02-12 21:00:09,Jordan Smith,5
REV-0464,Five stars for the way dashboard UX is intuitive. Honestly the best vendor experience.,casey.martin72,casey.martin@yahoo.com,2024-07-04 02:51:17,Casey Martin,4
REV-0465,Frustrated that mobile app crashes when switching workspaces. Downtime cost us real customers.,casey.taylor90,casey.taylor@outlook.com,2025-03-16 14:44:14,Casey Taylor,2
REV-0466,"After three months, API documentation is clean. The pricing scales fairly.",sam.smith50,sam.smith@gmail.com,2023-08-20 09:44:18,Sam Smith,4
REV-0467,Really disappointed— invoice amounts do not match usage metrics. Please prioritize stability.,avery.martin67,avery.martin@protonmail.com,2022-12-09 06:41:42,Avery Martin,1
REV-0468,This has been rough: mobile app crashes when switching workspaces. We’re evaluating alternatives.,sam.rivera60,sam.rivera@example.com,2022-07-15 02:19:21,Sam Rivera,2
REV-0469,"After three months, API documentation is clean. Honestly the best vendor experience.",jamie.patel23,jamie.patel@inbox.com,2025-06-19 05:39:12,Jamie Patel,4
REV-0470,Frustrated that mobile app crashes when switching workspaces. Please prioritize stability.,riley.brown90,riley.brown@mail.com,2022-09-26 19:10:41,Riley Brown,2
REV-0471,Our non-technical team loves that support team responded within minutes. The pricing scales fairly.,quinn.brown79,quinn.brown@inbox.com,2025-01-28 16:11:46,Quinn Brown,5
REV-0472,Absolutely impressed with how dashboard UX is intuitive. We’ve renewed for another year.,jamie.martin49,jamie.martin@inbox.com,2024-09-13 19:38:55,Jamie Martin,5
REV-0473,Genuinely happy that API documentation is clean. We’ve renewed for another year.,morgan.khan29,morgan.khan@inbox.com,2022-01-22 00:00:12,Morgan Khan,5
REV-0474,"After three months, API documentation is clean. Honestly the best vendor experience.",jamie.lee98,jamie.lee@protonmail.com,2024-09-04 10:54:30,Jamie Lee,4
REV-0475,Genuinely happy that dashboard UX is intuitive. The pricing scales fairly.,jamie.smith34,jamie.smith@protonmail.com,2025-02-22 15:54:52,Jamie Smith,4
REV-0476,Not thrilled about how API v2 breaks backward compatibility. Please prioritize stability.,riley.patel64,riley.patel@gmail.com,2023-05-06 18:48:33,Riley Patel,4
REV-0477,"After three months, dashboard UX is intuitive. We’ve renewed for another year.",morgan.nguyen18,morgan.nguyen@mail.com,2022-10-07 10:32:37,Morgan Nguyen,5
REV-0478,Absolutely impressed with how API documentation is clean. We’ve renewed for another year.,sam.smith12,sam.smith@mail.com,2022-04-12 19:28:39,Sam Smith,4
REV-0479,Five stars for the way dashboard UX is intuitive. We’ve renewed for another year.,quinn.lee39,quinn.lee@example.com,2022-11-05 00:32:10,Quinn Lee,5
REV-0480,Genuinely happy that onboarding was smooth and the step-by-step wizard made integration painless. We’ve renewed for another year.,casey.brown99,casey.brown@yahoo.com,2022-03-06 12:01:26,Casey Brown,5
REV-0481,Frustrated that mobile app crashes when switching workspaces. Downtime cost us real customers.,jordan.martin70,jordan.martin@mail.com,2023-01-29 09:06:18,Jordan Martin,2
REV-0482,Genuinely happy that dashboard UX is intuitive. The pricing scales fairly.,quinn.nguyen14,quinn.nguyen@mail.com,2024-08-01 03:25:15,Quinn Nguyen,5
REV-0483,Five stars for the way dashboard UX is intuitive. We’ve renewed for another year.,casey.rivera90,casey.rivera@gmail.com,2022-03-28 20:00:34,Casey Rivera,4
REV-0484,"After weeks of trying, mobile app crashes when switching workspaces. Downtime cost us real customers.",casey.lee95,casey.lee@mail.com,2022-08-20 08:35:28,Casey Lee,2
REV-0485,Not thrilled about how authentication randomly expires sessions. Downtime cost us real customers.,avery.patel60,avery.patel@yahoo.com,2023-05-13 00:19:30,Avery Patel,2
REV-0486,Absolutely impressed with how onboarding was smooth and the step-by-step wizard made integration painless. We’ve renewed for another year.,jordan.nguyen30,jordan.nguyen@protonmail.com,2022-07-07 22:31:27,Jordan Nguyen,4
REV-0487,"After weeks of trying, authentication randomly expires sessions. Downtime cost us real customers.",jamie.patel26,jamie.patel@protonmail.com,2023-04-22 11:31:55,Jamie Patel,1
REV-0488,Not thrilled about how API v2 breaks backward compatibility. Hope the team can address this soon.,morgan.smith27,morgan.smith@inbox.com,2022-03-22 17:40:09,Morgan Smith,3
REV-0489,Our non-technical team loves that support team responded within minutes. We migrated services in a weekend.,avery.rivera79,avery.rivera@inbox.com,2023-10-25 17:03:13,Avery Rivera,4
REV-0490,Our non-technical team loves that dashboard UX is intuitive. Honestly the best vendor experience.,quinn.khan43,quinn.khan@outlook.com,2024-01-22 16:31:57,Quinn Khan,4
REV-0491,Not thrilled about how authentication randomly expires sessions. Downtime cost us real customers.,avery.smith89,avery.smith@mail.com,2023-10-19 02:18:22,Avery Smith,2
REV-0492,Frustrated that mobile app crashes when switching workspaces. We’re evaluating alternatives.,jamie.rivera88,jamie.rivera@inbox.com,2023-10-23 14:55:13,Jamie Rivera,1
REV-0493,Absolutely impressed with how dashboard UX is intuitive. The pricing scales fairly.,taylor.rivera14,taylor.rivera@mail.com,2022-08-08 17:40:18,Taylor Rivera,5
REV-0494,Really disappointed— authentication randomly expires sessions. We’re evaluating alternatives.,alex.smith38,alex.smith@outlook.com,2022-05-26 00:28:35,Alex Smith,2
REV-0495,Frustrated that API v2 breaks backward compatibility. We’re evaluating alternatives.,alex.smith81,alex.smith@gmail.com,2024-05-01 13:26:14,Alex Smith,1
REV-0496,Not thrilled about how authentication randomly expires sessions. Downtime cost us real customers.,riley.patel37,riley.patel@outlook.com,2022-07-18 03:41:07,Riley Patel,1
REV-0497,This has been rough: mobile app crashes when switching workspaces. Please prioritize stability.,jamie.nguyen82,jamie.nguyen@gmail.com,2023-01-02 20:19:53,Jamie Nguyen,2
REV-0498,Five stars for the way support team responded within minutes. The pricing scales fairly.,morgan.patel31,morgan.patel@yahoo.com,2023-01-05 20:01:25,Morgan Patel,4
REV-0499,This has been rough: API v2 breaks backward compatibility. Downtime cost us real customers.,casey.martin51,casey.martin@yahoo.com,2024-02-01 15:00:46,Casey Martin,1
REV-0500,Frustrated that mobile app crashes when switching workspaces. Please prioritize stability.,morgan.martin42,morgan.martin@inbox.com,2024-07-15 16:17:34,Morgan Martin,1
REV-0501,Keyboard only navigation skips the Save button—tab order seems wrong.,ruveen.test,ruveen@test.com,2025-09-18 16:17:34, ruveen test, 4
REV-0503,Color contrast on disabled buttons fails accessibility.,ruveen.test1,ruveen@test1.com,2025-09-18 16:17:50,ruveen test1, 3
REV-0504,Could you add support for bulk edit on tasks?,ruveen.test2,ruveen@test2.com,2025-09-18 16:14:50,ruveen test2, 3
REV-0505,I wish there was an offline mode for travel.,ruveen.test3,ruveen@test3.com,2025-09-17 16:14:55,ruveen test3, 3
